gender,age,ref_total,ref_wages,ref_cg,ref_other,total_income,wages,capital_gains,other_income,err_total,err_wages,err_cg,err_other,age_bin
Female,0,0.0,0.0,0.0,0.0,0.0,0.0,0.0,0.0,0.0,0.0,0.0,0.0,"[0, 20)"
Female,1,0.0,0.0,0.0,0.0,0.0,0.0,0.0,0.0,0.0,0.0,0.0,0.0,"[0, 20)"
Female,2,0.0,0.0,0.0,0.0,0.0,0.0,0.0,0.0,0.0,0.0,0.0,0.0,"[0, 20)"
Female,3,0.0,0.0,0.0,0.0,0.0,0.0,0.0,0.0,0.0,0.0,0.0,0.0,"[0, 20)"
Female,4,0.0,0.0,0.0,0.0,0.0,0.0,0.0,0.0,0.0,0.0,0.0,0.0,"[0, 20)"
Female,5,0.0,0.0,0.0,0.0,0.0,0.0,0.0,0.0,0.0,0.0,0.0,0.0,"[0, 20)"
Female,6,0.0,0.0,0.0,0.0,0.0,0.0,0.0,0.0,0.0,0.0,0.0,0.0,"[0, 20)"
Female,7,0.0,0.0,0.0,0.0,0.0,0.0,0.0,0.0,0.0,0.0,0.0,0.0,"[0, 20)"
Female,8,0.0,0.0,0.0,0.0,0.0,0.0,0.0,0.0,0.0,0.0,0.0,0.0,"[0, 20)"
Female,9,0.0,0.0,0.0,0.0,0.0,0.0,0.0,0.0,0.0,0.0,0.0,0.0,"[0, 20)"
Female,10,0.0,0.0,0.0,0.0,0.0,0.0,0.0,0.0,0.0,0.0,0.0,0.0,"[0, 20)"
Female,11,0.0,0.0,0.0,0.0,0.0,0.0,0.0,0.0,0.0,0.0,0.0,0.0,"[0, 20)"
Female,12,0.0,0.0,0.0,0.0,0.0,0.0,0.0,0.0,0.0,0.0,0.0,0.0,"[0, 20)"
Female,13,0.0,0.0,0.0,0.0,0.0,0.0,0.0,0.0,0.0,0.0,0.0,0.0,"[0, 20)"
Female,14,0.0,0.0,0.0,0.0,276315.2156567557,229332.9928490779,25168.791870530673,21813.430937147157,276315.2156567557,229332.9928490779,25168.791870530673,21813.430937147157,"[0, 20)"
Female,15,0.0,0.0,0.0,0.0,637438.4497645212,525676.5282574568,54765.63500784929,56996.28649921507,637438.4497645212,525676.5282574568,54765.63500784929,56996.28649921507,"[0, 20)"
Female,16,2180000.0,1908000.0,126000.0,145000.0,1153237.3677973028,955049.4470780548,88645.47037188394,109542.45034736412,-1026762.6322026972,-952950.5529219452,-37354.529628116055,-35457.54965263588,"[0, 20)"
Female,17,2888250.0,2504250.0,147750.0,235500.0,1663834.593710692,1366632.9689727463,126985.44067085953,170216.18406708597,-1224415.406289308,-1137617.0310272537,-20764.559329140466,-65283.81593291403,"[0, 20)"
Female,18,3596500.0,3100500.0,169500.0,326000.0,2326163.678914405,1906113.5118997912,169804.31649269312,250245.85052192066,-1270336.321085595,-1194386.4881002088,304.3164926931204,-75754.14947807934,"[0, 20)"
Female,19,4304750.0,3696750.0,191250.0,416500.0,2783618.832045547,2275298.2289548595,188320.03172021147,320000.5713704758,-1521131.1679544528,-1421451.7710451405,-2929.9682797885325,-96499.42862952419,"[0, 20)"
Female,20,5013000.0,4293000.0,213000.0,507000.0,3147163.3425010745,2558624.727546197,203774.09926944564,384764.5156854319,-1865836.6574989255,-1734375.272453803,-9225.900730554364,-122235.48431456811,"[20, 30)"
Female,21,5379400.0,4576200.0,220000.0,582800.0,3515658.067699837,2847617.5207993477,217004.15171288743,451036.395187602,-1863741.932300163,-1728582.4792006523,-2995.8482871125743,-131763.60481239803,"[20, 30)"
Female,22,5745800.0,4859400.0,227000.0,658600.0,3774401.1793721975,3034386.3444761517,227251.16714227476,512763.6677537709,-1971398.8206278025,-1825013.6555238483,251.1671422747604,-145836.3322462291,"[20, 30)"
Female,23,6112200.0,5142600.0,234000.0,734400.0,4074251.423019432,3263728.9405829594,233593.350896861,576929.1315396114,-2037948.576980568,-1878871.0594170406,-406.6491031390033,-157470.86846038862,"[20, 30)"
Female,24,6478600.0,5425800.0,241000.0,810200.0,4284589.583846154,3411105.5892307693,243318.00615384616,630165.9884615385,-2194010.4161538463,-2014694.4107692307,2318.0061538461596,-180034.01153846155,"[20, 30)"
Female,25,6845000.0,5709000.0,248000.0,886000.0,4476973.682002208,3540382.003312477,255842.74383511225,680748.9348546191,-2368026.317997792,-2168617.996687523,7842.743835112255,-205251.0651453809,"[20, 30)"
Female,26,7090800.0,5883400.0,268000.0,937600.0,4694306.473137536,3692284.775429799,270734.89290830947,731286.8047994269,-2396493.526862464,-2191115.224570201,2734.89290830947,-206313.19520057307,"[20, 30)"
Female,27,7336600.0,6057800.0,288000.0,989200.0,4922751.3614775725,3855526.4907651716,288191.2526385224,779033.6180738786,-2413848.6385224275,-2202273.5092348284,191.25263852241915,-210166.38192612142,"[20, 30)"
Female,28,7582400.0,6232200.0,308000.0,1040800.0,5188719.925564163,4048010.907039407,308396.5698888515,832312.4486359044,-2393680.0744358366,-2184189.092960593,396.56988885148894,-208487.55136409565,"[20, 30)"
Female,29,7828200.0,6406600.0,328000.0,1092400.0,5316964.87667304,4117725.5165710645,328112.7890376036,871126.5710643722,-2511235.12332696,-2288874.4834289355,112.7890376035939,-221273.4289356278,"[20, 30)"
Female,30,8074000.0,6581000.0,348000.0,1144000.0,5599880.868248517,4325975.189822041,348652.21667187015,925253.461754605,-2474119.1317514833,-2255024.8101779586,652.2166718701483,-218746.53824539494,"[30, 40)"
Female,31,8278600.0,6710600.0,368800.0,1198400.0,5826591.12599936,4480732.206267988,369558.5036776463,976300.4160537256,-2452008.8740006397,-2229867.7937320117,758.5036776462803,-222099.58394627436,"[30, 40)"
Female,32,8483200.0,6840200.0,389600.0,1252800.0,6076101.253433617,4653086.45029431,390747.12197514717,1032267.6811641596,-2407098.746566383,-2187113.54970569,1147.1219751471654,-220532.31883584044,"[30, 40)"
Female,33,8687800.0,6969800.0,410400.0,1307200.0,6117019.478598014,4639911.137096774,411680.22797766747,1065428.1135235731,-2570780.5214019855,-2329888.862903226,1280.2279776674695,-241771.88647642685,"[30, 40)"
Female,34,8892400.0,7099400.0,431200.0,1361600.0,6299865.763017356,4753153.778037383,437176.93224299065,1109535.0527369827,-2592534.2369826436,-2346246.221962617,5976.932242990646,-252064.9472630173,"[30, 40)"
Female,35,9097000.0,7229000.0,452000.0,1416000.0,6517085.84610215,4904873.47782258,468982.49159946234,1143229.8766801076,-2579914.15389785,-2324126.5221774196,16982.491599462344,-272770.12331989245,"[30, 40)"
Female,36,9319800.0,7395200.0,502000.0,1422400.0,6656377.7738581505,4984843.682138879,508133.3052357965,1163400.7864834757,-2663422.2261418495,-2410356.317861121,6133.305235796492,-258999.2135165243,"[30, 40)"
Female,37,9542600.0,7561400.0,552000.0,1428800.0,6941068.57943208,5200002.090943975,553298.6914811973,1187767.7970069072,-2601531.4205679204,-2361397.9090560246,1298.6914811972529,-241032.20299309283,"[30, 40)"
Female,38,9765400.0,7727600.0,602000.0,1435200.0,7085306.9367469875,5290861.473268072,601472.045933735,1192973.4175451808,-2680093.0632530125,-2436738.526731928,-527.9540662650252,-242226.58245481923,"[30, 40)"
Female,39,9988200.0,7893800.0,652000.0,1441600.0,7169417.293318649,5328093.385462555,651200.2110866373,1190123.6967694566,-2818782.706681351,-2565706.614537445,-799.7889133626595,-251476.3032305434,"[30, 40)"
Female,40,10211000.0,8060000.0,702000.0,1448000.0,7342847.75,5445645.147435897,701820.7707390649,1195381.8318250377,-2868152.25,-2614354.852564103,-179.22926093509886,-252618.16817496228,"[40, 50)"
Female,41,10292600.0,8115800.0,750000.0,1425800.0,7554596.120593692,5605603.607792208,750777.0419294991,1198215.4708719852,-2738003.879406308,-2510196.392207792,777.0419294991298,-227584.5291280148,"[40, 50)"
Female,42,10374200.0,8171600.0,798000.0,1403600.0,7596560.758125473,5618878.6987906275,798886.7603930461,1178795.298941799,-2777639.241874527,-2552721.3012093725,886.7603930460755,-224804.70105820103,"[40, 50)"
Female,43,10455800.0,8227400.0,846000.0,1381400.0,7744537.909981168,5729049.183804143,845258.3570621469,1170230.3691148777,-2711262.090018832,-2498350.816195857,-741.6429378531175,-211169.63088512234,"[40, 50)"
Female,44,10537400.0,8283200.0,894000.0,1359200.0,7914144.601678749,5851315.809996185,904750.9412438001,1158077.8504387639,-2623255.3983212514,-2431884.190003815,10750.941243800102,-201122.14956123615,"[40, 50)"
Female,45,10619000.0,8339000.0,942000.0,1337000.0,7927920.676639345,5814723.2606557375,977889.5139344262,1135307.9020491804,-2691079.3233606555,-2524276.7393442625,35889.51393442624,-201692.09795081965,"[40, 50)"
Female,46,10666400.0,8307800.0,1050800.0,1306600.0,8036125.74815137,5858758.017398869,1061973.9608525445,1115393.7698999564,-2630274.2518486297,-2449041.9826011313,11173.960852544522,-191206.23010004358,"[40, 50)"
Female,47,10713800.0,8276600.0,1159600.0,1276200.0,8117610.527468153,5865464.242038216,1158747.3570859872,1093398.9283439491,-2596189.4725318467,-2411135.7579617836,-852.642914012773,-182801.07165605086,"[40, 50)"
Female,48,10761200.0,8245400.0,1268400.0,1245800.0,8200029.77354452,5850694.188784246,1272681.4520547944,1076654.1327054794,-2561170.22645548,-2394705.8112157537,4281.452054794412,-169145.8672945206,"[40, 50)"
Female,49,10808600.0,8214200.0,1377200.0,1215400.0,8306032.806823027,5878404.390191898,1366298.9189765458,1061329.4976545842,-2502567.1931769727,-2335795.6098081023,-10901.0810234542,-154070.50234541576,"[40, 50)"
Female,50,10856000.0,8183000.0,1486000.0,1185000.0,8297092.266429137,5787321.865795724,1463349.6381631037,1046420.7624703088,-2558907.7335708626,-2395678.134204276,-22650.361836896278,-138579.2375296912,"[50, 60)"
Female,51,10791400.0,8039600.0,1556800.0,1193200.0,8356884.455368161,5760260.359111477,1549994.9670917317,1046629.1291649527,-2434515.544631839,-2279339.6408885233,-6805.032908268273,-146570.87083504733,"[50, 60)"
Female,52,10726800.0,7896200.0,1627600.0,1201400.0,8325431.652466368,5649998.977578475,1627410.5704035875,1048022.1044843049,-2401368.347533632,-2246201.022421525,-189.42959641246125,-153377.8955156951,"[50, 60)"
Female,53,10662200.0,7752800.0,1698400.0,1209600.0,8527856.140705882,5757298.179294118,1695557.4527058823,1075000.5087058824,-2134343.8592941184,-1995501.8207058823,-2842.547294117743,-134599.49129411764,"[50, 60)"
Female,54,10597600.0,7609400.0,1769200.0,1217800.0,8455336.878256751,5612448.318332544,1745446.8356229274,1097441.724301279,-2142263.121743249,-1996951.6816674564,-23753.164377072593,-120358.27569872094,"[50, 60)"
Female,55,10533000.0,7466000.0,1840000.0,1226000.0,8476789.389814375,5549733.674916706,1763887.742027606,1163167.9728700619,-2056210.610185625,-1916266.325083294,-76112.25797239412,-62832.02712993813,"[50, 60)"
Female,56,10401400.0,7248800.0,1785600.0,1365800.0,8303249.604137283,5307140.636577339,1761869.6055477199,1234239.3620122238,-2098150.395862717,-1941659.363422661,-23730.394452280132,-131560.6379877762,"[50, 60)"
Female,57,10269800.0,7031600.0,1731200.0,1505600.0,8298601.100133511,5223296.622607921,1731003.3257676903,1344301.1517578994,-1971198.8998664888,-1808303.3773920787,-196.67423230968416,-161298.84824210056,"[50, 60)"
Female,58,10138200.0,6814400.0,1676800.0,1645400.0,8281339.112423447,5127646.953193351,1677146.8250218723,1476545.334208224,-1856860.887576553,-1686753.0468066493,346.82502187229693,-168854.66579177603,"[50, 60)"
Female,59,10006600.0,6597200.0,1622400.0,1785200.0,8078069.839222615,4795780.002650177,1632801.0446113073,1649488.7919611307,-1928530.1607773853,-1801419.997349823,10401.044611307327,-135711.2080388693,"[50, 60)"
Female,60,9875000.0,6380000.0,1568000.0,1925000.0,7687133.529732184,4182471.608261462,1604569.3118474807,1900092.609623241,-2187866.4702678164,-2197528.391738538,36569.31184748071,-24907.390376758995,"[60, 70)"
Female,61,9755400.0,5784800.0,1567600.0,2401200.0,7170237.779981114,3401340.702549575,1573829.022190746,2195068.055240793,-2585162.220018886,-2383459.297450425,6229.02219074592,-206131.94475920685,"[60, 70)"
Female,62,9635800.0,5189600.0,1567200.0,2877400.0,6898955.292391845,2756588.224763799,1568505.4893088015,2573861.578319244,-2736844.707608155,-2433011.775236201,1305.4893088014796,-303538.4216807559,"[60, 70)"
Female,63,9516200.0,4594400.0,1566800.0,3353600.0,6762669.581384015,2178371.54288499,1563975.8055555555,3020322.2329434697,-2753530.4186159847,-2416028.45711501,-2824.194444444496,-333277.76705653034,"[60, 70)"
Female,64,9396600.0,3999200.0,1566400.0,3829800.0,6557615.505617977,1592764.5168539325,1570381.220037453,3394469.768726592,-2838984.494382023,-2406435.4831460677,3981.2200374531094,-435330.23127340805,"[60, 70)"
Female,65,9277000.0,3404000.0,1566000.0,4306000.0,6518310.014,1137095.5985,1583982.026,3797232.3895,-2758689.9859999996,-2266904.4014999997,17982.02600000007,-508767.61049999995,"[60, 70)"
Female,66,9049800.0,2814600.0,1596000.0,4638400.0,6478037.294117647,737270.9097007224,1602356.1857585139,4138410.198658411,-2571762.705882353,-2077329.0902992776,6356.185758513864,-499989.8013415891,"[60, 70)"
Female,67,8822600.0,2225200.0,1626000.0,4970800.0,6542981.443139348,445623.32941804593,1626413.4618259477,4470944.651895355,-2279618.556860652,-1779576.670581954,413.4618259477429,-499855.34810464457,"[60, 70)"
Female,68,8595400.0,1635800.0,1656000.0,5303200.0,6769782.166847237,327003.67876489705,1657132.5108342362,4785645.977248104,-1825617.8331527626,-1308796.321235103,1132.5108342361636,-517554.0227518957,"[60, 70)"
Female,69,8368200.0,1046400.0,1686000.0,5635600.0,6905847.654692932,229901.92468134416,1679814.796060255,4996130.933951332,-1462352.345307068,-816498.0753186558,-6185.20393974497,-639469.0660486678,"[60, 70)"
Female,70,8141000.0,457000.0,1716000.0,5968000.0,6993206.803444181,153942.70843230403,1694459.5950118764,5144804.5,-1147793.1965558194,-303057.29156769597,-21540.40498812357,-823195.5,"[70, 80)"
Female,71,8012200.0,389200.0,1704600.0,5918200.0,7033646.60495356,99078.1987616099,1688274.9244582043,5246293.481733746,-978553.39504644,-290121.8012383901,-16325.075541795697,-671906.5182662541,"[70, 80)"
Female,72,7883400.0,321400.0,1693200.0,5868400.0,7047571.381043257,64199.32697201018,1692534.82697201,5290837.227099237,-835828.6189567428,-257200.6730279898,-665.1730279899202,-577562.772900763,"[70, 80)"
Female,73,7754600.0,253600.0,1681800.0,5818600.0,6964126.473720608,50767.32918395574,1682254.1161825727,5231105.02835408,-790473.5262793917,-202832.67081604426,454.116182572674,-587494.9716459196,"[70, 80)"
Female,74,7625800.0,185800.0,1670400.0,5768800.0,6898914.65323141,39298.43502432245,1654403.786657401,5205212.431549687,-726885.3467685897,-146501.56497567755,-15996.213342599105,-563587.5684503131,"[70, 80)"
Female,75,7497000.0,118000.0,1659000.0,5719000.0,6786129.794871795,29942.849084249083,1609039.2432234432,5147147.702564103,-710870.205128205,-88057.15091575091,-49960.75677655684,-571852.2974358974,"[70, 80)"
Female,76,7375000.0,102400.0,1562200.0,5709400.0,6718707.721405229,22534.188725490196,1550244.4199346406,5145929.112745098,-656292.2785947714,-79865.8112745098,-11955.580065359361,-563470.8872549022,"[70, 80)"
Female,77,7253000.0,86800.0,1465400.0,5699800.0,6595456.910604733,17364.890446976337,1463819.036809816,5114272.98334794,-657543.089395267,-69435.10955302366,-1580.9631901839748,-585527.0166520597,"[70, 80)"
Female,78,7131000.0,71200.0,1368600.0,5690200.0,6492923.560773481,14180.58379373849,1368624.8729281768,5110118.104051566,-638076.4392265193,-57019.41620626151,24.872928176773712,-580081.8959484342,"[70, 80)"
Female,79,7009000.0,55600.0,1271800.0,5680600.0,6392924.695436508,11612.217261904761,1281617.1626984128,5099695.31547619,-616075.3045634916,-43987.78273809524,9817.16269841278,-580904.6845238097,"[70, 80)"
Female,80,6887000.0,40000.0,1175000.0,5671000.0,6280446.853971963,9494.93574766355,1200364.3574766356,5070587.5607476635,-606553.1460280372,-30505.06425233645,25364.357476635603,-600412.4392523365,"[80, 90)"
Female,81,6746000.0,36800.0,1127000.0,5581200.0,6150468.36649874,7878.162468513854,1134870.6549118387,5007719.5491183875,-595531.6335012596,-28921.837531486148,7870.654911838705,-573480.4508816125,"[80, 90)"
Female,82,6605000.0,33600.0,1079000.0,5491400.0,6042335.638205499,6706.318379160637,1081485.6193921852,4954143.700434153,-562664.3617945006,-26893.681620839365,2485.619392185239,-537256.299565847,"[80, 90)"
Female,83,6464000.0,30400.0,1031000.0,5401600.0,5908768.090189873,6059.287974683544,1034123.9905063291,4868584.811708861,-555231.9098101268,-24340.712025316454,3123.990506329108,-533015.188291139,"[80, 90)"
Female,84,6323000.0,27200.0,983000.0,5311800.0,5793876.1875,5533.678571428572,992439.0428571429,4795903.466071429,-529123.8125,-21666.321428571428,9439.042857142864,-515896.53392857127,"[80, 90)"
Female,85,6182000.0,24000.0,935000.0,5222000.0,5698213.637744035,5173.1626898047725,960344.1865509761,4732696.288503254,-483786.36225596536,-18826.837310195227,25344.186550976126,-489303.71149674617,"[80, 90)"
Female,86,6182000.0,24000.0,935000.0,5222000.0,5624889.326881721,4879.9075268817205,939242.4580645161,4680766.961290322,-557110.6731182793,-19120.09247311828,4242.458064516075,-541233.0387096778,"[80, 90)"
Female,87,6182000.0,24000.0,935000.0,5222000.0,5554249.062801932,4747.37922705314,927328.3550724637,4622173.328502416,-627750.937198068,-19252.62077294686,-7671.644927536254,-599826.6714975843,"[80, 90)"
Female,88,6182000.0,24000.0,935000.0,5222000.0,5517324.365384615,4693.398351648351,915635.521978022,4596995.445054945,-664675.634615385,-19306.60164835165,-19364.47802197805,-625004.5549450554,"[80, 90)"
Female,89,6182000.0,24000.0,935000.0,5222000.0,5465420.567398119,4654.780564263323,910942.4639498433,4549823.322884013,-716579.4326018812,-19345.219435736675,-24057.53605015669,-672176.677115987,"[80, 90)"
Female,90,6182000.0,24000.0,935000.0,5222000.0,5409075.887719298,4617.761403508772,894254.8526315789,4510203.27368421,-772924.1122807022,-19382.23859649123,-40745.14736842108,-711796.7263157899,"[90, 120)"
Female,91,6182000.0,24000.0,935000.0,5222000.0,5427604.495867768,4638.636363636364,895889.7727272727,4527076.086776859,-754395.5041322317,-19361.363636363636,-39110.227272727294,-694923.9132231409,"[90, 120)"
Female,92,6182000.0,24000.0,935000.0,5222000.0,5332749.64021164,4534.989417989418,882901.9153439153,4445312.735449735,-849250.3597883601,-19465.010582010582,-52098.084656084655,-776687.2645502649,"[90, 120)"
Female,93,6182000.0,24000.0,935000.0,5222000.0,5281366.857954546,4554.710227272727,872191.2840909091,4404620.863636363,-900633.1420454541,-19445.289772727272,-62808.71590909094,-817379.1363636367,"[90, 120)"
Female,94,6182000.0,24000.0,935000.0,5222000.0,5266482.068181818,4471.280303030303,871455.4924242424,4390555.295454546,-915517.9318181816,-19528.719696969696,-63544.50757575757,-831444.7045454541,"[90, 120)"
Female,95,6182000.0,24000.0,935000.0,5222000.0,5243713.684782608,4486.152173913043,861070.8804347826,4378156.652173913,-938286.3152173916,-19513.847826086956,-73929.1195652174,-843843.3478260869,"[90, 120)"
Female,96,6182000.0,24000.0,935000.0,5222000.0,5163184.163934426,4435.459016393443,846669.2950819673,4312079.409836066,-1018815.8360655736,-19564.54098360656,-88330.70491803274,-909920.590163934,"[90, 120)"
Female,97,6182000.0,24000.0,935000.0,5222000.0,5051400.541666667,4390.5625,849493.3125,4197516.666666667,-1130599.458333333,-19609.4375,-85506.6875,-1024483.333333333,"[90, 120)"
Female,98,6182000.0,24000.0,935000.0,5222000.0,5080606.666666667,4417.333333333333,860096.7142857143,4216092.619047619,-1101393.333333333,-19582.666666666668,-74903.28571428568,-1005907.3809523806,"[90, 120)"
Female,99,6182000.0,24000.0,935000.0,5222000.0,4989401.625,4479.1875,835729.25,4149193.1875,-1192598.375,-19520.8125,-99270.75,-1072806.8125,"[90, 120)"
Female,100,6182000.0,24000.0,935000.0,5222000.0,5079397.818181818,4487.0,829617.1818181818,4245293.636363637,-1102602.1818181816,-19513.0,-105382.81818181823,-976706.3636363633,"[90, 120)"
Female,101,6182000.0,24000.0,935000.0,5222000.0,4997974.4,4310.8,850481.7,4143181.9,-1184025.5999999996,-19689.2,-84518.30000000005,-1078818.1,"[90, 120)"
Female,102,6182000.0,24000.0,935000.0,5222000.0,4931740.0,3942.0,938156.0,3989642.0,-1250260.0,-20058.0,3156.0,-1232358.0,"[90, 120)"
Female,103,6182000.0,24000.0,935000.0,5222000.0,5040759.0,4253.0,774556.0,4261950.0,-1141241.0,-19747.0,-160444.0,-960050.0,"[90, 120)"
Female,104,6182000.0,24000.0,935000.0,5222000.0,4385544.5,4180.5,754555.5,3626808.5,-1796455.5,-19819.5,-180444.5,-1595191.5,"[90, 120)"
Female,105,6182000.0,24000.0,935000.0,5222000.0,0.0,0.0,0.0,0.0,-6182000.0,-24000.0,-935000.0,-5222000.0,"[90, 120)"
Female,106,6182000.0,24000.0,935000.0,5222000.0,4757087.0,4421.0,738681.0,4013985.0,-1424913.0,-19579.0,-196319.0,-1208015.0,"[90, 120)"
Female,107,6182000.0,24000.0,935000.0,5222000.0,0.0,0.0,0.0,0.0,-6182000.0,-24000.0,-935000.0,-5222000.0,"[90, 120)"
Female,108,6182000.0,24000.0,935000.0,5222000.0,0.0,0.0,0.0,0.0,-6182000.0,-24000.0,-935000.0,-5222000.0,"[90, 120)"
Female,109,6182000.0,24000.0,935000.0,5222000.0,0.0,0.0,0.0,0.0,-6182000.0,-24000.0,-935000.0,-5222000.0,"[90, 120)"
Male,0,0.0,0.0,0.0,0.0,0.0,0.0,0.0,0.0,0.0,0.0,0.0,0.0,"[0, 20)"
Male,1,0.0,0.0,0.0,0.0,0.0,0.0,0.0,0.0,0.0,0.0,0.0,0.0,"[0, 20)"
Male,2,0.0,0.0,0.0,0.0,0.0,0.0,0.0,0.0,0.0,0.0,0.0,0.0,"[0, 20)"
Male,3,0.0,0.0,0.0,0.0,0.0,0.0,0.0,0.0,0.0,0.0,0.0,0.0,"[0, 20)"
Male,4,0.0,0.0,0.0,0.0,0.0,0.0,0.0,0.0,0.0,0.0,0.0,0.0,"[0, 20)"
Male,5,0.0,0.0,0.0,0.0,0.0,0.0,0.0,0.0,0.0,0.0,0.0,0.0,"[0, 20)"
Male,6,0.0,0.0,0.0,0.0,0.0,0.0,0.0,0.0,0.0,0.0,0.0,0.0,"[0, 20)"
Male,7,0.0,0.0,0.0,0.0,0.0,0.0,0.0,0.0,0.0,0.0,0.0,0.0,"[0, 20)"
Male,8,0.0,0.0,0.0,0.0,0.0,0.0,0.0,0.0,0.0,0.0,0.0,0.0,"[0, 20)"
Male,9,0.0,0.0,0.0,0.0,0.0,0.0,0.0,0.0,0.0,0.0,0.0,0.0,"[0, 20)"
Male,10,0.0,0.0,0.0,0.0,0.0,0.0,0.0,0.0,0.0,0.0,0.0,0.0,"[0, 20)"
Male,11,0.0,0.0,0.0,0.0,0.0,0.0,0.0,0.0,0.0,0.0,0.0,0.0,"[0, 20)"
Male,12,0.0,0.0,0.0,0.0,0.0,0.0,0.0,0.0,0.0,0.0,0.0,0.0,"[0, 20)"
Male,13,0.0,0.0,0.0,0.0,0.0,0.0,0.0,0.0,0.0,0.0,0.0,0.0,"[0, 20)"
Male,14,0.0,0.0,0.0,0.0,274613.95567651634,229736.15474339036,23268.75194401244,21609.04898911353,274613.95567651634,229736.15474339036,23268.75194401244,21609.04898911353,"[0, 20)"
Male,15,0.0,0.0,0.0,0.0,664050.4109968354,556799.5921677215,52795.3065664557,54455.51226265823,664050.4109968354,556799.5921677215,52795.3065664557,54455.51226265823,"[0, 20)"
Male,16,2150000.0,1891000.0,116000.0,143000.0,1193038.3942386832,1004471.5172839506,88930.67983539094,99636.19711934157,-956961.6057613168,-886528.4827160494,-27069.32016460906,-43363.80288065843,"[0, 20)"
Male,17,3045500.0,2681250.0,148000.0,216250.0,1787863.826955075,1502839.3752079867,131082.93677204658,153941.5149750416,-1257636.173044925,-1178410.6247920133,-16917.06322795342,-62308.48502495841,"[0, 20)"
Male,18,3941000.0,3471500.0,180000.0,289500.0,2500870.4102997044,2100571.873364289,180052.48459265512,220246.05234276067,-1440129.5897002956,-1370928.1266357112,52.48459265512065,-69253.94765723933,"[0, 20)"
Male,19,4836500.0,4261750.0,212000.0,362750.0,3111091.3474369408,2626709.1639544345,208620.96826688363,275761.21521562245,-1725408.6525630592,-1635040.8360455655,-3379.031733116368,-86988.78478437755,"[0, 20)"
Male,20,5732000.0,5052000.0,244000.0,436000.0,3564469.928853755,3010255.7545454544,233648.5695652174,320565.604743083,-2167530.071146245,-2041744.2454545456,-10351.430434782611,-115434.39525691699,"[20, 30)"
Male,21,6220400.0,5488400.0,258200.0,473600.0,3971132.6575569357,3356661.6695652176,255157.13664596275,359313.8513457557,-2249267.3424430643,-2131738.3304347824,-3042.863354037254,-114286.14865424432,"[20, 30)"
Male,22,6708800.0,5924800.0,272400.0,511200.0,4354743.157553665,3685657.55164034,271378.123126772,397707.4827865533,-2354056.8424463347,-2239142.44835966,-1021.8768732280005,-113492.51721344673,"[20, 30)"
Male,23,7197200.0,6361200.0,286600.0,548800.0,4807014.060046189,4088114.058121632,285810.4857582756,433089.51616628177,-2390185.9399538105,-2273085.941878368,-789.5142417243915,-115710.48383371823,"[20, 30)"
Male,24,7685600.0,6797600.0,300800.0,586400.0,5062406.346768061,4304825.841825095,299698.88517110265,457881.6197718631,-2623193.6532319393,-2492774.158174905,-1101.114828897349,-128518.3802281369,"[20, 30)"
Male,25,8174000.0,7234000.0,315000.0,624000.0,5379861.141785714,4581946.782857143,313168.925,484745.4339285714,-2794138.858214286,-2652053.2171428567,-1831.0750000000116,-139254.5660714286,"[20, 30)"
Male,26,8463800.0,7494200.0,325600.0,643000.0,5603857.625260236,4773632.506939625,324346.8181818182,505878.3001387925,-2859942.3747397643,-2720567.4930603746,-1253.1818181818235,-137121.6998612075,"[20, 30)"
Male,27,8753600.0,7754400.0,336200.0,662000.0,5786939.111072903,4928046.516162311,335828.32015130675,523064.27475928474,-2966660.8889270974,-2826353.4838376893,-371.679848693253,-138935.72524071526,"[20, 30)"
Male,28,9043400.0,8014600.0,346800.0,681000.0,6053720.385591767,5164182.2432247,346108.0994854202,543430.0428816467,-2989679.614408233,-2850417.7567753,-691.9005145797855,-137569.95711835334,"[20, 30)"
Male,29,9333200.0,8274800.0,357400.0,700000.0,6234976.096005155,5318806.123389175,361372.54606958764,554797.4265463918,-3098223.903994845,-2955993.876610825,3972.546069587639,-145202.5734536082,"[20, 30)"
Male,30,9623000.0,8535000.0,368000.0,719000.0,6605476.886792453,5651755.299721621,376786.87380142283,576934.7132694093,-3017523.113207547,-2883244.700278379,8786.87380142283,-142065.28673059074,"[30, 40)"
Male,31,9865600.0,8741800.0,394200.0,728600.0,6735604.5380536495,5750672.159700561,398163.27822832187,586769.1001247661,-3129995.4619463505,-2991127.8402994387,3963.2782283218694,-141830.89987523388,"[30, 40)"
Male,32,10108200.0,8948600.0,420400.0,738200.0,6959953.089604592,5940416.119897959,419623.53858418367,599913.431122449,-3148246.910395408,-3008183.880102041,-776.4614158163313,-138286.568877551,"[30, 40)"
Male,33,10350800.0,9155400.0,446600.0,747800.0,7148206.548661417,6092963.387401575,447471.2497637795,607771.911496063,-3202593.4513385827,-3062436.612598425,871.2497637795168,-140028.088503937,"[30, 40)"
Male,34,10593400.0,9362200.0,472800.0,757400.0,7379384.961425303,6275727.964694344,481200.4200719189,622456.5766590389,-3214015.0385746974,-3086472.0353056556,8400.420071918925,-134943.4233409611,"[30, 40)"
Male,35,10836000.0,9569000.0,499000.0,767000.0,7547953.959545302,6395867.453694416,520453.35105315945,631633.1547977265,-3288046.040454698,-3173132.546305584,21453.35105315945,-135366.84520227346,"[30, 40)"
Male,36,11126200.0,9778600.0,562200.0,784600.0,7799621.036764706,6581410.149159664,571260.2521008403,646950.6355042016,-3326578.9632352944,-3197189.8508403357,9060.252100840327,-137649.36449579836,"[30, 40)"
Male,37,11416400.0,9988200.0,625400.0,802200.0,8140145.929831289,6847033.945935583,625059.3615797546,668052.6223159509,-3276254.0701687112,-3141166.0540644173,-340.63842024537735,-134147.37768404908,"[30, 40)"
Male,38,11706600.0,10197800.0,688600.0,819800.0,8372973.1257668715,7000040.580521473,688372.7584355829,684559.7868098159,-3333626.8742331285,-3197759.4194785273,-227.2415644171415,-135240.2131901841,"[30, 40)"
Male,39,11996800.0,10407400.0,751800.0,837400.0,8505356.783846153,7058690.131923077,753751.5776923076,692915.0742307692,-3491443.216153847,-3348709.8680769233,1951.5776923076482,-144484.92576923082,"[30, 40)"
Male,40,12287000.0,10617000.0,815000.0,855000.0,8766716.45615328,7234301.779661017,826935.6768607221,705478.9996315402,-3520283.543846721,-3382698.2203389835,11935.676860722131,-149521.00036845985,"[40, 50)"
Male,41,12524600.0,10769200.0,897200.0,858000.0,9129320.472024033,7503763.354862937,902804.7739391663,722752.3432219302,-3395279.527975967,-3265436.645137063,5604.7739391663345,-135247.6567780698,"[40, 50)"
Male,42,12762200.0,10921400.0,979400.0,861000.0,9309162.486455109,7600185.840557275,981121.1602167182,727855.4856811146,-3453037.513544891,-3321214.1594427247,1721.1602167182136,-133144.5143188854,"[40, 50)"
Male,43,12999800.0,11073600.0,1061600.0,864000.0,9489220.467806475,7698818.720625682,1060887.5511094944,729514.1960712987,-3510579.5321935248,-3374781.279374318,-712.4488905055914,-134485.80392870132,"[40, 50)"
Male,44,13237400.0,11225800.0,1143800.0,867000.0,9798312.342342343,7928592.035660661,1131153.308933934,738566.9977477477,-3439087.657657657,-3297207.964339339,-12646.691066066036,-128433.0022522523,"[40, 50)"
Male,45,13475000.0,11378000.0,1226000.0,870000.0,9803251.228512397,7882460.669008264,1188239.2421487602,732551.3173553719,-3671748.771487603,-3495539.3309917357,-37760.75785123976,-137448.6826446281,"[40, 50)"
Male,46,13550200.0,11443800.0,1241800.0,863600.0,10086496.650719728,8117997.080863675,1229170.6892464014,739328.8806096528,-3463703.3492802717,-3325802.919136325,-12629.310753598576,-124271.11939034716,"[40, 50)"
Male,47,13625400.0,11509600.0,1257600.0,857200.0,10212475.684478372,8219828.203562341,1256179.0869380832,736468.3939779474,-3412924.3155216277,-3289771.7964376593,-1420.9130619168282,-120731.60602205258,"[40, 50)"
Male,48,13700600.0,11575400.0,1273400.0,850800.0,10070610.669895077,8071586.585149314,1271898.4285714286,727125.6561743341,-3629989.330104923,-3503813.4148506857,-1501.571428571362,-123674.34382566588,"[40, 50)"
Male,49,13775800.0,11641200.0,1289200.0,844400.0,10331908.773924496,8277258.223880597,1317961.8366988585,736688.7133450395,-3443891.226075504,-3363941.7761194026,28761.836698858533,-107711.28665496048,"[40, 50)"
Male,50,13851000.0,11707000.0,1305000.0,838000.0,10426225.415390981,8292499.957385188,1388857.589160116,744867.8688456764,-3424774.5846090186,-3414500.042614812,83857.58916011592,-93132.13115432358,"[50, 60)"
Male,51,13829000.0,11505800.0,1456400.0,865800.0,10483771.03626108,8238342.979049154,1485721.7937147461,759706.2634971797,-3345228.96373892,-3267457.0209508464,29321.793714746134,-106093.73650282028,"[50, 60)"
Male,52,13807000.0,11304600.0,1607800.0,893600.0,10546656.25,8160388.307207207,1607317.5513513514,778950.3914414415,-3260343.75,-3144211.692792793,-482.44864864856936,-114649.60855855851,"[50, 60)"
Male,53,13785000.0,11103400.0,1759200.0,921400.0,10644147.432354357,8076430.641309581,1760695.1709195955,807021.6201251806,-3140852.567645643,-3026969.3586904192,1495.170919595519,-114378.37987481942,"[50, 60)"
Male,54,13763000.0,10902200.0,1910600.0,949200.0,10696917.115789473,7952095.747368421,1876782.8123569794,868038.5560640732,-3066082.884210527,-2950104.2526315786,-33817.18764302065,-81161.44393592677,"[50, 60)"
Male,55,13741000.0,10701000.0,2062000.0,977000.0,10678569.925451092,7762915.341880342,1957742.9620132954,957911.6215574549,-3062430.0745489076,-2938084.658119658,-104257.03798670461,-19088.378442545072,"[50, 60)"
Male,56,13689000.0,10464200.0,2035800.0,1188000.0,10732657.048656164,7646360.891102873,2000281.517608897,1086014.639944393,-2956342.9513438363,-2817839.108897127,-35518.48239110294,-101985.36005560705,"[50, 60)"
Male,57,13637000.0,10227400.0,2009600.0,1399000.0,10819192.718557607,7567989.812225154,2007616.8179419525,1243586.0883905012,-2817807.2814423926,-2659410.1877748463,-1983.1820580475032,-155413.91160949878,"[50, 60)"
Male,58,13585000.0,9990600.0,1983400.0,1610000.0,10912162.390471742,7486762.749182625,1982179.1387202241,1443220.5025688931,-2672837.6095282584,-2503837.2508173753,-1220.8612797758542,-166779.49743110687,"[50, 60)"
Male,59,13533000.0,9753800.0,1957200.0,1821000.0,10773333.562267657,7147977.343866171,1965368.650557621,1659987.567843866,-2759666.4377323426,-2605822.6561338287,8168.6505576209165,-161012.43215613393,"[50, 60)"
Male,60,13481000.0,9517000.0,1931000.0,2032000.0,10153793.892873354,6282073.971402633,1936900.2119836586,1934819.709487063,-3327206.1071266457,-3234926.028597367,5900.211983658606,-97180.29051293689,"[60, 70)"
Male,61,13236600.0,8832200.0,1920600.0,2482800.0,9465713.541761752,5290122.86992241,1922729.8092195345,2252860.8626198084,-3770886.458238248,-3542077.1300775902,2129.809219534509,-229939.1373801916,"[60, 70)"
Male,62,12992200.0,8147400.0,1910200.0,2933600.0,8900535.141954303,4364276.819640253,1909669.9426349052,2626588.3796791444,-4091664.858045697,-3783123.1803597473,-530.0573650947772,-307011.62032085564,"[60, 70)"
Male,63,12747800.0,7462600.0,1899800.0,3384400.0,8458693.06569343,3534598.9635036495,1897619.091240876,3026475.0109489053,-4289106.934306569,-3928001.0364963505,-2180.9087591241114,-357924.98905109474,"[60, 70)"
Male,64,12503400.0,6777800.0,1889400.0,3835200.0,8127908.171525753,2791855.523323615,1886776.301749271,3449276.3464528667,-4375491.828474247,-3985944.476676385,-2623.698250728892,-385923.6535471333,"[60, 70)"
Male,65,12259000.0,6093000.0,1879000.0,4286000.0,7763714.361573374,2039671.6132123047,1869134.4044377205,3854908.3439233485,-4495285.638426626,-4053328.3867876953,-9865.595562279457,-431091.65607665153,"[60, 70)"
Male,66,11803600.0,5199200.0,1857400.0,4746000.0,7533177.252621069,1398509.5077383923,1858802.312031952,4275865.432850724,-4270422.747378931,-3800690.4922616077,1402.3120319519658,-470134.5671492759,"[60, 70)"
Male,67,11348200.0,4305400.0,1835800.0,5206000.0,7388726.932572614,862325.7318464731,1839831.7302904564,4686569.470435685,-3959473.0674273856,-3443074.268153527,4031.730290456442,-519430.52956431545,"[60, 70)"
Male,68,10892800.0,3411600.0,1814200.0,5666000.0,7602164.330777656,683407.8050383352,1812770.2842278203,5105986.2415115,-3290635.6692223437,-2728192.1949616647,-1429.7157721796539,-560013.7584884996,"[60, 70)"
Male,69,10437400.0,2517800.0,1792600.0,6126000.0,7749800.638236978,530966.2346880366,1796526.1866056097,5422308.216943331,-2687599.361763022,-1986833.7653119634,3926.1866056097206,-703691.7830566689,"[60, 70)"
Male,70,9982000.0,1624000.0,1771000.0,6586000.0,7869677.203777905,405387.21808815113,1793069.570120206,5671220.415569548,-2112322.7962220954,-1218612.7819118488,22069.570120206103,-914779.5844304524,"[70, 80)"
Male,71,9761000.0,1402400.0,1788800.0,6568800.0,7933886.98125404,307603.53135100193,1798393.173238526,5827890.276664512,-1827113.0187459597,-1094796.468648998,9593.173238526098,-740909.7233354878,"[70, 80)"
Male,72,9540000.0,1180800.0,1806600.0,6551600.0,7954750.337365591,236002.375672043,1807384.807123656,5911363.154569892,-1585249.662634409,-944797.6243279569,784.807123655919,-640236.8454301078,"[70, 80)"
Male,73,9319000.0,959200.0,1824400.0,6534400.0,7910620.122292994,191551.35031847135,1826601.7624203821,5892467.00955414,-1408379.8777070064,-767648.6496815287,2201.762420382118,-641932.9904458597,"[70, 80)"
Male,74,9098000.0,737600.0,1842200.0,6517200.0,7823168.208392603,154178.57112375533,1820794.6564722618,5848194.980796586,-1274831.7916073967,-583421.4288762447,-21405.343527738238,-669005.0192034142,"[70, 80)"
Male,75,8877000.0,516000.0,1860000.0,6500000.0,7769566.324704142,123071.22485207101,1795888.8210059172,5850606.278846154,-1107433.6752958577,-392928.775147929,-64111.178994082846,-649393.721153846,"[70, 80)"
Male,76,8697200.0,461000.0,1774400.0,6460800.0,7672303.818322982,99051.48913043478,1750596.0621118012,5822656.267080746,-1024896.1816770183,-361948.5108695652,-23803.937888198765,-638143.7329192543,"[70, 80)"
Male,77,8517400.0,406000.0,1688800.0,6421600.0,7564154.503484321,81085.87369337979,1695533.6167247386,5787535.013066202,-953245.4965156792,-324914.1263066202,6733.616724738618,-634064.9869337976,"[70, 80)"
Male,78,8337600.0,351000.0,1603200.0,6382400.0,7401177.447080292,70043.16788321167,1599873.318430657,5731260.9607664235,-936422.5529197082,-280956.8321167883,-3326.681569342967,-651139.0392335765,"[70, 80)"
Male,79,8157800.0,296000.0,1517600.0,6343200.0,7269041.021008403,60278.84978991596,1540797.2426470588,5667964.928571428,-888758.978991597,-235721.15021008404,23197.242647058796,-675235.0714285718,"[70, 80)"
Male,80,7978000.0,241000.0,1432000.0,6304000.0,7148728.640043763,51431.2056892779,1502657.5984682713,5594639.835886215,-829271.3599562366,-189568.7943107221,70657.59846827132,-709360.1641137851,"[80, 90)"
Male,81,7860000.0,212800.0,1472200.0,6174000.0,7082607.652226234,43386.8219013237,1495151.1227436822,5544069.707581228,-777392.3477737661,-169413.1780986763,22951.122743682237,-629930.2924187724,"[80, 90)"
Male,82,7742000.0,184600.0,1512400.0,6044000.0,6976732.734604105,36932.83870967742,1514262.3680351905,5425537.527859238,-765267.2653958946,-147667.16129032258,1862.368035190506,-618462.472140762,"[80, 90)"
Male,83,7624000.0,156400.0,1552600.0,5914000.0,6902825.361666666,31122.138333333332,1555173.2466666666,5316529.976666667,-721174.6383333337,-125277.86166666666,2573.246666666586,-597470.0233333334,"[80, 90)"
Male,84,7506000.0,128200.0,1592800.0,5784000.0,6829967.930232558,26844.79069767442,1589749.7495527728,5213373.389982111,-676032.0697674416,-101355.20930232559,-3050.250447227154,-570626.6100178892,"[80, 90)"
Male,85,7388000.0,100000.0,1633000.0,5654000.0,6781140.962075848,23439.45109780439,1605665.2255489023,5152036.2854291415,-606859.0379241519,-76560.54890219562,-27334.774451097706,-501963.7145708585,"[80, 90)"
Male,86,7388000.0,100000.0,1633000.0,5654000.0,6648231.7290322585,21071.10322580645,1608645.2688172043,5018515.356989248,-739768.2709677415,-78928.89677419355,-24354.731182795716,-635484.6430107523,"[80, 90)"
Male,87,7388000.0,100000.0,1633000.0,5654000.0,6642985.482993198,19729.521541950115,1607471.4081632653,5015784.553287982,-745014.5170068024,-80270.47845804988,-25528.591836734675,-638215.446712018,"[80, 90)"
Male,88,7388000.0,100000.0,1633000.0,5654000.0,6593814.692307692,19544.71301775148,1597218.0443786983,4977051.934911243,-794185.307692308,-80455.28698224852,-35781.95562130166,-676948.0650887573,"[80, 90)"
Male,89,7388000.0,100000.0,1633000.0,5654000.0,6557017.720257235,19436.334405144695,1576707.961414791,4960873.424437299,-830982.2797427652,-80563.66559485531,-56292.038585209055,-693126.5755627006,"[80, 90)"
Male,90,7388000.0,100000.0,1633000.0,5654000.0,6496863.257575758,19323.594696969696,1575294.9318181819,4902244.731060606,-891136.7424242422,-80676.4053030303,-57705.06818181812,-751755.2689393936,"[90, 120)"
Male,91,7388000.0,100000.0,1633000.0,5654000.0,6470199.270833333,19106.760416666668,1569665.34375,4881427.166666667,-917800.729166667,-80893.23958333333,-63334.65625,-772572.833333333,"[90, 120)"
Male,92,7388000.0,100000.0,1633000.0,5654000.0,6340326.742857143,19055.514285714286,1524928.7523809525,4796342.476190476,-1047673.2571428567,-80944.48571428572,-108071.24761904753,-857657.5238095243,"[90, 120)"
Male,93,7388000.0,100000.0,1633000.0,5654000.0,6372091.80319149,18825.313829787236,1530574.670212766,4822691.819148936,-1015908.1968085105,-81174.68617021276,-102425.32978723408,-831308.1808510637,"[90, 120)"
Male,94,7388000.0,100000.0,1633000.0,5654000.0,6284420.955752213,18586.40707964602,1530911.9734513275,4734922.575221239,-1103579.0442477874,-81413.59292035399,-102088.02654867247,-919077.4247787613,"[90, 120)"
Male,95,7388000.0,100000.0,1633000.0,5654000.0,6259260.26744186,18694.31395348837,1506749.4767441861,4733816.476744186,-1128739.7325581396,-81305.68604651163,-126250.52325581387,-920183.5232558139,"[90, 120)"
Male,96,7388000.0,100000.0,1633000.0,5654000.0,6251433.515625,18414.46875,1478133.03125,4754886.015625,-1136566.484375,-81585.53125,-154866.96875,-899113.984375,"[90, 120)"
Male,97,7388000.0,100000.0,1633000.0,5654000.0,6061122.12244898,17968.183673469386,1492751.8163265307,4550402.12244898,-1326877.8775510201,-82031.81632653062,-140248.18367346935,-1103597.8775510201,"[90, 120)"
Male,98,7388000.0,100000.0,1633000.0,5654000.0,5986835.344827586,17548.0,1458565.103448276,4510722.24137931,-1401164.6551724141,-82452.0,-174434.89655172406,-1143277.7586206896,"[90, 120)"
Male,99,7388000.0,100000.0,1633000.0,5654000.0,6097992.96,17748.56,1494235.64,4586008.76,-1290007.04,-82251.44,-138764.3600000001,-1067991.2400000002,"[90, 120)"
Male,100,7388000.0,100000.0,1633000.0,5654000.0,6007585.333333333,17458.5,1444656.8333333333,4545470.0,-1380414.666666667,-82541.5,-188343.16666666674,-1108530.0,"[90, 120)"
Male,101,7388000.0,100000.0,1633000.0,5654000.0,5970704.4,18016.0,1400806.6,4551881.8,-1417295.5999999996,-81984.0,-232193.3999999999,-1102118.2000000002,"[90, 120)"
Male,102,7388000.0,100000.0,1633000.0,5654000.0,0.0,0.0,0.0,0.0,-7388000.0,-100000.0,-1633000.0,-5654000.0,"[90, 120)"
Male,103,7388000.0,100000.0,1633000.0,5654000.0,6048481.5,17915.0,1409719.5,4620847.0,-1339518.5,-82085.0,-223280.5,-1033153.0,"[90, 120)"
Male,104,7388000.0,100000.0,1633000.0,5654000.0,0.0,0.0,0.0,0.0,-7388000.0,-100000.0,-1633000.0,-5654000.0,"[90, 120)"
Male,105,7388000.0,100000.0,1633000.0,5654000.0,5697959.0,16761.0,1296393.0,4384805.0,-1690041.0,-83239.0,-336607.0,-1269195.0,"[90, 120)"
Male,106,7388000.0,100000.0,1633000.0,5654000.0,0.0,0.0,0.0,0.0,-7388000.0,-100000.0,-1633000.0,-5654000.0,"[90, 120)"
Male,107,7388000.0,100000.0,1633000.0,5654000.0,0.0,0.0,0.0,0.0,-7388000.0,-100000.0,-1633000.0,-5654000.0,"[90, 120)"
Male,108,7388000.0,100000.0,1633000.0,5654000.0,0.0,0.0,0.0,0.0,-7388000.0,-100000.0,-1633000.0,-5654000.0,"[90, 120)"
Male,109,7388000.0,100000.0,1633000.0,5654000.0,0.0,0.0,0.0,0.0,-7388000.0,-100000.0,-1633000.0,-5654000.0,"[90, 120)"
